{
	"info": {
		"_postman_id": "e194cf85-4a9f-445c-b980-70ecbbfb347e",
		"name": "medicare",
		"schema": "https://schema.getpostman.com/json/collection/v2.1.0/collection.json",
		"_exporter_id": "28875792"
	},
	"item": [
		{
			"name": "All Products",
			"event": [
				{
					"listen": "test",
					"script": {
						"exec": [
							"pm.test(\"Status code is 200\", function () {\r",
							"    pm.response.to.have.status(200);\r",
							"});"
						],
						"type": "text/javascript"
					}
				}
			],
			"request": {
				"method": "GET",
				"header": [],
				"url": {
					"raw": "{{BasePath}}/get-products",
					"host": [
						"{{BasePath}}"
					],
					"path": [
						"get-products"
					]
				}
			},
			"response": []
		},
		{
			"name": "Get users",
			"event": [
				{
					"listen": "test",
					"script": {
						"exec": [
							"pm.test(\"Status code is 200\", function () {\r",
							"    pm.response.to.have.status(200);\r",
							"});\r",
							"pm.test(\"Response time is less than 200ms\", function () {\r",
							"    pm.expect(pm.response.responseTime).to.be.below(200);\r",
							"});\r",
							"pm.test(\"Content-Type is present\", function () {\r",
							"    pm.response.to.have.header(\"Content-Type\");\r",
							"});"
						],
						"type": "text/javascript"
					}
				}
			],
			"request": {
				"method": "GET",
				"header": [],
				"url": {
					"raw": "{{BasePath}}/get-users",
					"host": [
						"{{BasePath}}"
					],
					"path": [
						"get-users"
					]
				}
			},
			"response": []
		},
		{
			"name": "Add product",
			"event": [
				{
					"listen": "test",
					"script": {
						"exec": [
							"pm.test(\"Status code is 200\", function () {\r",
							"    pm.response.to.have.status(200);\r",
							"});\r",
							"pm.test(\"Response time is less than 200ms\", function () {\r",
							"    pm.expect(pm.response.responseTime).to.be.below(200);\r",
							"});\r",
							"pm.test(\"Successful POST request\", function () {\r",
							"    pm.expect(pm.response.code).to.be.oneOf([200, 202]);\r",
							"});"
						],
						"type": "text/javascript"
					}
				}
			],
			"request": {
				"method": "POST",
				"header": [],
				"body": {
					"mode": "raw",
					"raw": "        {\r\n            \"id\":\"113\",\r\n            \"name\": \"Dolo 685mg\",\r\n            \"category\": \"Fever,illness\",\r\n            \"brand\": \"Medicine\",\r\n            \"status\":1,\r\n            \"price\":100\r\n        }",
					"options": {
						"raw": {
							"language": "json"
						}
					}
				},
				"url": {
					"raw": "{{BasePath}}/add-product",
					"host": [
						"{{BasePath}}"
					],
					"path": [
						"add-product"
					]
				}
			},
			"response": []
		},
		{
			"name": "New Request",
			"event": [
				{
					"listen": "test",
					"script": {
						"exec": [
							"pm.test(\"Status code is 200\", function () {\r",
							"    pm.response.to.have.status(200);\r",
							"});\r",
							"pm.test(\"Response time is less than 200ms\", function () {\r",
							"    pm.expect(pm.response.responseTime).to.be.below(200);\r",
							"});\r",
							""
						],
						"type": "text/javascript"
					}
				}
			],
			"request": {
				"method": "PUT",
				"header": [],
				"body": {
					"mode": "raw",
					"raw": "{\r\n            \"id\":\"113\",\r\n            \"name\": \"Dolo 685mg\",\r\n            \"category\": \"Fever,illness\",\r\n            \"brand\": \"Medicine\",\r\n            \"status\":1,\r\n            \"price\":300\r\n        }",
					"options": {
						"raw": {
							"language": "json"
						}
					}
				},
				"url": {
					"raw": "{{BasePath}}/update-product",
					"host": [
						"{{BasePath}}"
					],
					"path": [
						"update-product"
					]
				}
			},
			"response": []
		},
		{
			"name": "New Request",
			"event": [
				{
					"listen": "test",
					"script": {
						"exec": [
							"pm.test(\"Status code is 200\", function () {\r",
							"    pm.response.to.have.status(200);\r",
							"});\r",
							"pm.test(\"Response time is less than 200ms\", function () {\r",
							"    pm.expect(pm.response.responseTime).to.be.below(200);\r",
							"});"
						],
						"type": "text/javascript"
					}
				}
			],
			"request": {
				"method": "PUT",
				"header": [],
				"body": {
					"mode": "raw",
					"raw": "{\r\n            \"id\":\"113\",\r\n            \"name\": \"Dolo 685mg\",\r\n            \"category\": \"Fever,illness\",\r\n            \"brand\": \"Medicine\",\r\n            \"status\":0,\r\n            \"price\":300\r\n        }",
					"options": {
						"raw": {
							"language": "json"
						}
					}
				},
				"url": {
					"raw": "{{BasePath}}/update-product-status",
					"host": [
						"{{BasePath}}"
					],
					"path": [
						"update-product-status"
					]
				}
			},
			"response": []
		},
		{
			"name": "New Request",
			"event": [
				{
					"listen": "test",
					"script": {
						"exec": [
							"pm.test(\"Response time is less than 200ms\", function () {\r",
							"    pm.expect(pm.response.responseTime).to.be.below(200);\r",
							"});\r",
							"pm.test(\"Status code is 200\", function () {\r",
							"    pm.response.to.have.status(200);\r",
							"});"
						],
						"type": "text/javascript"
					}
				}
			],
			"request": {
				"method": "DELETE",
				"header": [],
				"url": {
					"raw": "{{BasePath}}/delete-product?id=113",
					"host": [
						"{{BasePath}}"
					],
					"path": [
						"delete-product"
					],
					"query": [
						{
							"key": "id",
							"value": "113"
						}
					]
				}
			},
			"response": []
		}
	]
}